DATE,PDF FILE,TT BUY,TT SELL,BILL BUY,BILL SELL,FOREX TRAVEL CARD BUY,FOREX TRAVEL CARD SELL,CN BUY,CN SELL
2025-01-31 09:00,example.pdf,83.50,84.10,83.10,84.60,82.90,84.90,82.50,85.10
2025-02-13 09:00,example.pdf,86.20,86.80,85.80,87.20,85.50,87.50,85.10,87.80
2025-02-14 09:00,example.pdf,86.10,86.70,85.70,87.10,85.40,87.40,85.00,87.70
2025-02-18 09:00,example.pdf,86.35,86.95,85.95,87.35,85.65,87.65,85.25,87.95
2025-02-19 09:00,example.pdf,86.50,87.10,86.10,87.50,85.80,87.80,85.40,88.10
2025-02-27 09:00,example.pdf,87.00,87.60,86.60,88.00,86.30,88.30,85.90,88.60
2025-02-28 09:00,example.pdf,0.00,0.00,86.70,88.10,86.40,88.40,86.00,88.70
2025-03-04 09:00,example.pdf,87.40,88.00,87.00,88.40,86.70,88.70,86.30,89.00
2025-12-31 09:00,example.pdf,84.75,85.35,84.35,85.75,84.00,86.00,83.60,86.30
